[
    {
        "pv": [
            70,
            65,
            70,
            75,
            68,
            81,
            66,
            72,
            79,
            73
        ],
        "batt": [
            13,
            20,
            19,
            12,
            12,
            8,
            18,
            18,
            10,
            14
        ]
    },
    {
        "pv": [
            33,
            40,
            29,
            35,
            36,
            36,
            40,
            33,
            35,
            33
        ],
        "batt": [
            26,
            37,
            28,
            31,
            23,
            30,
            34,
            30,
            34,
            37
        ]
    },
    {
        "pv": [
            82,
            83,
            85,
            91,
            85,
            94,
            95,
            94,
            92,
            85
        ],
        "batt": [
            92,
            102,
            97,
            97,
            94,
            95,
            89,
            102,
            91,
            96
        ]
    },
    {
        "pv": [
            111,
            108,
            98,
            106,
            104,
            91,
            103,
            98,
            106,
            105
        ],
        "batt": [
            123,
            135,
            137,
            129,
            133,
            129,
            125,
            131,
            140,
            133
        ]
    },
    {
        "pv": [
            78,
            79,
            69,
            63,
            68,
            70,
            81,
            72,
            75,
            74
        ],
        "batt": [
            167,
            173,
            169,
            160,
            167,
            166,
            165,
            164,
            164,
            159
        ]
    },
    {
        "pv": [
            183,
            189,
            184,
            179,
            170,
            186,
            187,
            190,
            187,
            189
        ],
        "batt": [
            125,
            132,
            136,
            133,
            125,
            127,
            126,
            123,
            126,
            124
        ]
    },
    {
        "pv": [
            83,
            98,
            78,
            96,
            82,
            95,
            96,
            90,
            88,
            87
        ],
        "batt": [
            68,
            70,
            62,
            73,
            61,
            77,
            73,
            63,
            77,
            65
        ]
    },
    {
        "pv": [
            141,
            134,
            151,
            140,
            136,
            142,
            141,
            148,
            141,
            141
        ],
        "batt": [
            82,
            78,
            77,
            77,
            83,
            80,
            80,
            78,
            83,
            85
        ]
    },
    {
        "pv": [
            102,
            111,
            104,
            102,
            113,
            101,
            109,
            107,
            100,
            108
        ],
        "batt": [
            123,
            126,
            125,
            120,
            126,
            120,
            127,
            125,
            121,
            122
        ]
    },
    {
        "pv": [
            114,
            102,
            112,
            111,
            101,
            109,
            110,
            102,
            104,
            117
        ],
        "batt": [
            68,
            67,
            72,
            77,
            79,
            80,
            72,
            72,
            68,
            72
        ]
    },
    {
        "pv": [
            155,
            145,
            147,
            152,
            148,
            147,
            141,
            155,
            152,
            148
        ],
        "batt": [
            86,
            83,
            93,
            80,
            93,
            85,
            81,
            85,
            83,
            96
        ]
    },
    {
        "pv": [
            109,
            103,
            109,
            104,
            105,
            112,
            103,
            102,
            101,
            107
        ],
        "batt": [
            4,
            0,
            0,
            0,
            0,
            0,
            0,
            0,
            0,
            0
        ]
    },
    {
        "pv": [
            47,
            60,
            48,
            50,
            41,
            48,
            45,
            43,
            38,
            42
        ],
        "batt": [
            98,
            86,
            86,
            96,
            93,
            90,
            90,
            88,
            91,
            84
        ]
    },
    {
        "pv": [
            106,
            99,
            106,
            105,
            113,
            118,
            112,
            115,
            113,
            109
        ],
        "batt": [
            57,
            68,
            67,
            59,
            66,
            56,
            58,
            61,
            57,
            63
        ]
    },
    {
        "pv": [
            90,
            81,
            79,
            86,
            89,
            76,
            80,
            87,
            80,
            77
        ],
        "batt": [
            148,
            155,
            141,
            150,
            147,
            146,
            146,
            147,
            153,
            146
        ]
    },
    {
        "pv": [
            38,
            29,
            42,
            41,
            30,
            30,
            43,
            40,
            30,
            37
        ],
        "batt": [
            205,
            204,
            222,
            199,
            219,
            200,
            210,
            207,
            206,
            203
        ]
    },
    {
        "pv": [
            219,
            222,
            220,
            226,
            216,
            218,
            220,
            221,
            224,
            229
        ],
        "batt": [
            49,
            53,
            55,
            56,
            59,
            59,
            58,
            48,
            52,
            52
        ]
    },
    {
        "pv": [
            18,
            10,
            6,
            3,
            8,
            16,
            4,
            2,
            8,
            0
        ],
        "batt": [
            116,
            115,
            108,
            110,
            119,
            105,
            110,
            114,
            121,
            121
        ]
    },
    {
        "pv": [
            67,
            58,
            66,
            60,
            56,
            64,
            65,
            58,
            64,
            63
        ],
        "batt": [
            31,
            24,
            19,
            32,
            33,
            21,
            18,
            27,
            28,
            15
        ]
    },
    {
        "pv": [
            26,
            23,
            27,
            21,
            26,
            22,
            26,
            28,
            23,
            33
        ],
        "batt": [
            150,
            158,
            144,
            145,
            149,
            152,
            152,
            148,
            147,
            153
        ]
    },
    {
        "pv": [
            101,
            114,
            109,
            114,
            112,
            109,
            115,
            109,
            102,
            104
        ],
        "batt": [
            39,
            42,
            43,
            45,
            49,
            40,
            40,
            45,
            38,
            40
        ]
    },
    {
        "pv": [
            7,
            12,
            17,
            9,
            15,
            11,
            18,
            24,
            13,
            5
        ],
        "batt": [
            81,
            73,
            83,
            81,
            89,
            90,
            94,
            85,
            76,
            89
        ]
    },
    {
        "pv": [
            40,
            32,
            37,
            34,
            28,
            42,
            46,
            38,
            40,
            35
        ],
        "batt": [
            120,
            113,
            107,
            122,
            115,
            102,
            114,
            117,
            109,
            119
        ]
    },
    {
        "pv": [
            73,
            67,
            72,
            74,
            63,
            59,
            72,
            69,
            67,
            72
        ],
        "batt": [
            123,
            124,
            123,
            114,
            114,
            112,
            118,
            117,
            120,
            122
        ]
    },
    {
        "pv": [
            125,
            124,
            123,
            121,
            125,
            124,
            126,
            132,
            119,
            127
        ],
        "batt": [
            46,
            50,
            43,
            45,
            49,
            47,
            44,
            53,
            47,
            43
        ]
    },
    {
        "pv": [
            31,
            32,
            24,
            28,
            38,
            29,
            23,
            30,
            26,
            28
        ],
        "batt": [
            197,
            203,
            190,
            201,
            196,
            206,
            200,
            197,
            205,
            199
        ]
    },
    {
        "pv": [
            110,
            108,
            108,
            109,
            105,
            103,
            107,
            112,
            109,
            104
        ],
        "batt": [
            28,
            25,
            19,
            16,
            13,
            14,
            21,
            21,
            19,
            20
        ]
    },
    {
        "pv": [
            121,
            122,
            132,
            129,
            123,
            122,
            119,
            114,
            123,
            134
        ],
        "batt": [
            38,
            39,
            37,
            35,
            51,
            38,
            47,
            33,
            49,
            46
        ]
    },
    {
        "pv": [
            137,
            137,
            142,
            135,
            141,
            138,
            138,
            132,
            132,
            142
        ],
        "batt": [
            19,
            23,
            25,
            18,
            27,
            16,
            25,
            32,
            35,
            31
        ]
    },
    {
        "pv": [
            170,
            171,
            175,
            175,
            173,
            165,
            170,
            172,
            164,
            175
        ],
        "batt": [
            42,
            45,
            57,
            37,
            45,
            48,
            56,
            49,
            47,
            45
        ]
    },
    {
        "pv": [
            98,
            96,
            101,
            105,
            105,
            96,
            104,
            103,
            105,
            109
        ],
        "batt": [
            135,
            133,
            134,
            129,
            131,
            130,
            130,
            130,
            126,
            132
        ]
    },
    {
        "pv": [
            204,
            195,
            203,
            208,
            206,
            207,
            196,
            202,
            209,
            201
        ],
        "batt": [
            106,
            95,
            109,
            109,
            100,
            95,
            95,
            103,
            106,
            102
        ]
    },
    {
        "pv": [
            140,
            141,
            128,
            142,
            141,
            144,
            136,
            143,
            144,
            138
        ],
        "batt": [
            79,
            86,
            95,
            100,
            97,
            85,
            89,
            95,
            74,
            88
        ]
    },
    {
        "pv": [
            43,
            45,
            41,
            46,
            45,
            49,
            47,
            50,
            39,
            39
        ],
        "batt": [
            141,
            139,
            141,
            141,
            135,
            140,
            140,
            135,
            140,
            145
        ]
    },
    {
        "pv": [
            130,
            123,
            127,
            128,
            127,
            125,
            135,
            139,
            123,
            136
        ],
        "batt": [
            109,
            104,
            95,
            98,
            110,
            100,
            93,
            101,
            92,
            95
        ]
    },
    {
        "pv": [
            18,
            21,
            28,
            30,
            32,
            31,
            30,
            26,
            21,
            29
        ],
        "batt": [
            209,
            196,
            203,
            197,
            207,
            202,
            197,
            203,
            203,
            202
        ]
    },
    {
        "pv": [
            135,
            139,
            133,
            140,
            142,
            141,
            136,
            135,
            134,
            136
        ],
        "batt": [
            127,
            118,
            126,
            116,
            119,
            126,
            120,
            127,
            131,
            119
        ]
    },
    {
        "pv": [
            106,
            117,
            119,
            119,
            110,
            118,
            114,
            117,
            117,
            114
        ],
        "batt": [
            73,
            76,
            60,
            60,
            60,
            64,
            76,
            68,
            69,
            69
        ]
    },
    {
        "pv": [
            137,
            143,
            143,
            143,
            143,
            148,
            155,
            143,
            146,
            146
        ],
        "batt": [
            7,
            6,
            0,
            2,
            9,
            7,
            0,
            1,
            0,
            0
        ]
    },
    {
        "pv": [
            137,
            132,
            128,
            142,
            138,
            136,
            137,
            142,
            134,
            126
        ],
        "batt": [
            238,
            233,
            229,
            238,
            229,
            226,
            234,
            237,
            229,
            242
        ]
    },
    {
        "pv": [
            103,
            95,
            93,
            100,
            92,
            99,
            103,
            92,
            97,
            97
        ],
        "batt": [
            49,
            52,
            48,
            54,
            44,
            55,
            58,
            54,
            53,
            48
        ]
    },
    {
        "pv": [
            175,
            175,
            161,
            177,
            174,
            165,
            170,
            171,
            175,
            174
        ],
        "batt": [
            58,
            68,
            58,
            66,
            65,
            60,
            64,
            65,
            57,
            63
        ]
    },
    {
        "pv": [
            159,
            157,
            163,
            165,
            154,
            153,
            157,
            163,
            152,
            155
        ],
        "batt": [
            150,
            155,
            144,
            144,
            158,
            147,
            143,
            144,
            146,
            156
        ]
    },
    {
        "pv": [
            137,
            140,
            139,
            134,
            139,
            137,
            137,
            144,
            141,
            137
        ],
        "batt": [
            34,
            39,
            38,
            43,
            35,
            40,
            40,
            32,
            39,
            40
        ]
    },
    {
        "pv": [
            89,
            97,
            101,
            102,
            88,
            98,
            91,
            96,
            94,
            89
        ],
        "batt": [
            105,
            106,
            95,
            93,
            92,
            99,
            93,
            95,
            108,
            95
        ]
    },
    {
        "pv": [
            174,
            162,
            163,
            166,
            167,
            174,
            174,
            160,
            170,
            173
        ],
        "batt": [
            116,
            118,
            115,
            118,
            120,
            118,
            120,
            127,
            123,
            123
        ]
    },
    {
        "pv": [
            113,
            111,
            109,
            104,
            109,
            109,
            106,
            106,
            114,
            108
        ],
        "batt": [
            133,
            129,
            129,
            127,
            133,
            126,
            132,
            136,
            137,
            134
        ]
    },
    {
        "pv": [
            108,
            109,
            117,
            106,
            111,
            105,
            109,
            99,
            113,
            107
        ],
        "batt": [
            95,
            97,
            87,
            95,
            85,
            94,
            87,
            94,
            91,
            89
        ]
    },
    {
        "pv": [
            65,
            63,
            66,
            80,
            59,
            61,
            63,
            74,
            62,
            71
        ],
        "batt": [
            109,
            120,
            104,
            111,
            102,
            116,
            116,
            104,
            117,
            122
        ]
    },
    {
        "pv": [
            121,
            116,
            113,
            117,
            110,
            117,
            114,
            114,
            109,
            111
        ],
        "batt": [
            28,
            26,
            21,
            26,
            23,
            20,
            22,
            24,
            27,
            29
        ]
    },
    {
        "pv": [
            61,
            52,
            58,
            63,
            41,
            45,
            53,
            54,
            47,
            47
        ],
        "batt": [
            108,
            118,
            120,
            117,
            112,
            117,
            117,
            112,
            109,
            120
        ]
    },
    {
        "pv": [
            121,
            115,
            117,
            116,
            118,
            109,
            112,
            116,
            114,
            117
        ],
        "batt": [
            89,
            85,
            83,
            90,
            84,
            86,
            98,
            87,
            92,
            93
        ]
    },
    {
        "pv": [
            137,
            143,
            141,
            139,
            140,
            143,
            140,
            156,
            150,
            138
        ],
        "batt": [
            1,
            0,
            0,
            0,
            0,
            0,
            0,
            0,
            0,
            0
        ]
    },
    {
        "pv": [
            62,
            72,
            78,
            68,
            74,
            76,
            75,
            67,
            78,
            72
        ],
        "batt": [
            146,
            147,
            141,
            148,
            142,
            144,
            148,
            140,
            148,
            157
        ]
    },
    {
        "pv": [
            115,
            126,
            112,
            115,
            124,
            120,
            124,
            132,
            132,
            120
        ],
        "batt": [
            114,
            114,
            116,
            109,
            114,
            106,
            120,
            119,
            113,
            117
        ]
    },
    {
        "pv": [
            68,
            70,
            57,
            65,
            59,
            73,
            56,
            68,
            64,
            70
        ],
        "batt": [
            55,
            56,
            59,
            50,
            46,
            47,
            61,
            44,
            62,
            50
        ]
    },
    {
        "pv": [
            226,
            231,
            230,
            229,
            225,
            228,
            229,
            229,
            237,
            222
        ],
        "batt": [
            37,
            46,
            45,
            41,
            31,
            42,
            38,
            48,
            47,
            49
        ]
    },
    {
        "pv": [
            5,
            2,
            0,
            0,
            0,
            0,
            0,
            0,
            4,
            0
        ],
        "batt": [
            107,
            102,
            102,
            105,
            101,
            110,
            113,
            112,
            105,
            104
        ]
    },
    {
        "pv": [
            107,
            108,
            116,
            115,
            110,
            110,
            108,
            109,
            110,
            103
        ],
        "batt": [
            18,
            22,
            25,
            20,
            31,
            33,
            37,
            18,
            26,
            26
        ]
    },
    {
        "pv": [
            69,
            65,
            66,
            77,
            71,
            74,
            72,
            55,
            69,
            66
        ],
        "batt": [
            82,
            79,
            83,
            72,
            83,
            83,
            80,
            87,
            88,
            83
        ]
    },
    {
        "pv": [
            85,
            90,
            76,
            94,
            91,
            81,
            75,
            77,
            90,
            96
        ],
        "batt": [
            29,
            33,
            26,
            33,
            32,
            36,
            28,
            34,
            22,
            22
        ]
    },
    {
        "pv": [
            49,
            51,
            38,
            37,
            40,
            44,
            42,
            45,
            42,
            35
        ],
        "batt": [
            46,
            43,
            49,
            43,
            56,
            46,
            49,
            39,
            53,
            53
        ]
    },
    {
        "pv": [
            155,
            155,
            157,
            154,
            156,
            158,
            154,
            154,
            158,
            160
        ],
        "batt": [
            119,
            123,
            115,
            130,
            126,
            114,
            121,
            114,
            114,
            119
        ]
    },
    {
        "pv": [
            94,
            91,
            88,
            91,
            83,
            90,
            92,
            84,
            86,
            93
        ],
        "batt": [
            42,
            40,
            40,
            49,
            39,
            41,
            37,
            39,
            42,
            45
        ]
    },
    {
        "pv": [
            49,
            37,
            49,
            37,
            48,
            43,
            50,
            49,
            43,
            51
        ],
        "batt": [
            47,
            50,
            56,
            60,
            45,
            54,
            52,
            61,
            56,
            49
        ]
    },
    {
        "pv": [
            44,
            51,
            54,
            57,
            52,
            44,
            47,
            46,
            52,
            51
        ],
        "batt": [
            49,
            44,
            38,
            53,
            52,
            56,
            53,
            49,
            56,
            50
        ]
    },
    {
        "pv": [
            15,
            24,
            25,
            22,
            26,
            28,
            20,
            14,
            31,
            20
        ],
        "batt": [
            108,
            103,
            110,
            94,
            112,
            102,
            101,
            104,
            103,
            112
        ]
    },
    {
        "pv": [
            49,
            51,
            42,
            54,
            57,
            51,
            54,
            49,
            54,
            50
        ],
        "batt": [
            36,
            33,
            52,
            43,
            43,
            41,
            39,
            52,
            45,
            44
        ]
    },
    {
        "pv": [
            36,
            31,
            30,
            32,
            42,
            30,
            32,
            27,
            23,
            29
        ],
        "batt": [
            96,
            108,
            105,
            99,
            101,
            98,
            106,
            101,
            101,
            98
        ]
    },
    {
        "pv": [
            142,
            152,
            153,
            143,
            151,
            143,
            146,
            145,
            143,
            151
        ],
        "batt": [
            69,
            81,
            69,
            73,
            76,
            70,
            70,
            74,
            76,
            71
        ]
    },
    {
        "pv": [
            110,
            100,
            106,
            116,
            107,
            107,
            116,
            103,
            100,
            111
        ],
        "batt": [
            95,
            94,
            84,
            87,
            90,
            94,
            74,
            83,
            90,
            89
        ]
    },
    {
        "pv": [
            119,
            114,
            102,
            107,
            110,
            119,
            114,
            106,
            114,
            112
        ],
        "batt": [
            180,
            177,
            185,
            175,
            177,
            185,
            181,
            177,
            178,
            179
        ]
    },
    {
        "pv": [
            64,
            59,
            63,
            60,
            61,
            65,
            69,
            64,
            61,
            61
        ],
        "batt": [
            90,
            97,
            84,
            90,
            84,
            88,
            85,
            95,
            87,
            81
        ]
    },
    {
        "pv": [
            87,
            84,
            83,
            95,
            90,
            76,
            90,
            99,
            93,
            81
        ],
        "batt": [
            58,
            65,
            61,
            63,
            54,
            55,
            68,
            63,
            63,
            59
        ]
    },
    {
        "pv": [
            172,
            187,
            183,
            187,
            167,
            184,
            181,
            178,
            184,
            188
        ],
        "batt": [
            110,
            109,
            104,
            113,
            106,
            98,
            106,
            108,
            111,
            107
        ]
    },
    {
        "pv": [
            71,
            74,
            70,
            75,
            68,
            78,
            72,
            79,
            76,
            72
        ],
        "batt": [
            66,
            59,
            70,
            62,
            53,
            62,
            63,
            57,
            59,
            62
        ]
    },
    {
        "pv": [
            186,
            181,
            183,
            183,
            186,
            185,
            184,
            200,
            195,
            188
        ],
        "batt": [
            140,
            137,
            143,
            145,
            133,
            137,
            134,
            149,
            135,
            148
        ]
    },
    {
        "pv": [
            108,
            117,
            118,
            119,
            110,
            110,
            110,
            113,
            111,
            108
        ],
        "batt": [
            44,
            48,
            43,
            36,
            50,
            41,
            44,
            33,
            42,
            43
        ]
    },
    {
        "pv": [
            159,
            165,
            166,
            171,
            163,
            176,
            153,
            167,
            160,
            163
        ],
        "batt": [
            162,
            174,
            170,
            164,
            165,
            185,
            161,
            166,
            165,
            163
        ]
    },
    {
        "pv": [
            98,
            98,
            97,
            90,
            96,
            92,
            89,
            92,
            97,
            99
        ],
        "batt": [
            82,
            83,
            90,
            90,
            81,
            86,
            89,
            80,
            91,
            80
        ]
    },
    {
        "pv": [
            77,
            79,
            78,
            80,
            75,
            62,
            82,
            73,
            78,
            75
        ],
        "batt": [
            44,
            47,
            42,
            33,
            32,
            50,
            41,
            39,
            30,
            43
        ]
    },
    {
        "pv": [
            161,
            166,
            174,
            177,
            172,
            165,
            174,
            174,
            171,
            178
        ],
        "batt": [
            134,
            121,
            129,
            125,
            123,
            121,
            123,
            117,
            128,
            128
        ]
    },
    {
        "pv": [
            120,
            114,
            128,
            118,
            110,
            121,
            115,
            117,
            114,
            121
        ],
        "batt": [
            163,
            163,
            162,
            160,
            156,
            151,
            145,
            155,
            164,
            159
        ]
    },
    {
        "pv": [
            99,
            90,
            101,
            99,
            99,
            98,
            98,
            92,
            95,
            100
        ],
        "batt": [
            50,
            56,
            63,
            61,
            57,
            59,
            43,
            48,
            53,
            56
        ]
    },
    {
        "pv": [
            135,
            138,
            138,
            136,
            135,
            135,
            133,
            137,
            137,
            133
        ],
        "batt": [
            80,
            86,
            77,
            80,
            72,
            81,
            76,
            86,
            77,
            80
        ]
    },
    {
        "pv": [
            143,
            132,
            128,
            130,
            135,
            138,
            131,
            125,
            140,
            134
        ],
        "batt": [
            112,
            108,
            118,
            107,
            104,
            116,
            109,
            112,
            115,
            108
        ]
    },
    {
        "pv": [
            61,
            65,
            51,
            57,
            60,
            54,
            66,
            57,
            56,
            55
        ],
        "batt": [
            22,
            29,
            30,
            23,
            29,
            29,
            29,
            21,
            28,
            20
        ]
    },
    {
        "pv": [
            120,
            123,
            117,
            119,
            103,
            121,
            118,
            121,
            119,
            124
        ],
        "batt": [
            102,
            100,
            94,
            101,
            97,
            97,
            95,
            103,
            108,
            97
        ]
    },
    {
        "pv": [
            116,
            115,
            119,
            117,
            118,
            100,
            101,
            124,
            104,
            113
        ],
        "batt": [
            207,
            209,
            199,
            207,
            210,
            208,
            217,
            211,
            215,
            197
        ]
    },
    {
        "pv": [
            116,
            108,
            109,
            119,
            109,
            112,
            111,
            120,
            121,
            115
        ],
        "batt": [
            197,
            190,
            186,
            184,
            194,
            195,
            196,
            189,
            200,
            189
        ]
    },
    {
        "pv": [
            64,
            72,
            69,
            69,
            69,
            64,
            59,
            65,
            67,
            67
        ],
        "batt": [
            67,
            69,
            63,
            69,
            69,
            61,
            70,
            68,
            74,
            68
        ]
    },
    {
        "pv": [
            45,
            48,
            51,
            58,
            49,
            47,
            54,
            55,
            54,
            50
        ],
        "batt": [
            92,
            98,
            97,
            102,
            106,
            93,
            96,
            93,
            100,
            96
        ]
    },
    {
        "pv": [
            149,
            148,
            152,
            146,
            153,
            149,
            140,
            145,
            145,
            149
        ],
        "batt": [
            148,
            139,
            143,
            145,
            151,
            145,
            135,
            146,
            139,
            143
        ]
    },
    {
        "pv": [
            76,
            79,
            83,
            80,
            77,
            70,
            82,
            78,
            80,
            73
        ],
        "batt": [
            97,
            89,
            102,
            94,
            94,
            88,
            96,
            100,
            87,
            99
        ]
    },
    {
        "pv": [
            0,
            0,
            0,
            0,
            0,
            0,
            0,
            0,
            0,
            0
        ],
        "batt": [
            0,
            9,
            10,
            0,
            16,
            2,
            5,
            1,
            8,
            1
        ]
    },
    {
        "pv": [
            131,
            127,
            126,
            127,
            142,
            140,
            133,
            138,
            134,
            132
        ],
        "batt": [
            41,
            48,
            33,
            44,
            37,
            42,
            39,
            42,
            53,
            47
        ]
    },
    {
        "pv": [
            65,
            73,
            80,
            74,
            79,
            79,
            73,
            76,
            73,
            85
        ],
        "batt": [
            117,
            115,
            105,
            107,
            115,
            117,
            98,
            113,
            113,
            111
        ]
    },
    {
        "pv": [
            178,
            187,
            180,
            180,
            182,
            182,
            181,
            182,
            180,
            183
        ],
        "batt": [
            112,
            122,
            121,
            129,
            120,
            113,
            118,
            126,
            120,
            113
        ]
    },
    {
        "pv": [
            176,
            169,
            180,
            171,
            165,
            166,
            172,
            165,
            177,
            169
        ],
        "batt": [
            104,
            103,
            100,
            111,
            106,
            109,
            101,
            101,
            103,
            114
        ]
    },
    {
        "pv": [
            95,
            91,
            88,
            95,
            91,
            100,
            97,
            86,
            91,
            88
        ],
        "batt": [
            18,
            17,
            29,
            24,
            30,
            16,
            18,
            27,
            25,
            20
        ]
    }
]