[
    {
        "pv": [100, 100, 100, 100, 100, 100, 100, 100, 100, 100],
        "batt": [50, 50, 50, 50, 50, 50, 50, 50, 50, 50]
    },
    {
        "pv": [100, 100, 100, 100, 100, 100, 100, 100, 100, 100],
        "batt": [50, 50, 50, 50, 50, 50, 50, 50, 50, 50]
    },
    { 
        "pv": [ 0, 10, 100, 10, 0, 0, 0, 55, 10, 10 ],
        "batt": [ 0, 0, 50, 30, 50, 0, 0, 10, 40, 50 ]
    },
    {
        "pv": [ 70, 110, 400, 70, 30, 0, 0, 55, 10, 20 ],
        "batt": [ 0, 0, 150, 30, 50, 0, 0, 100, 40, 150]
    },
    {
        "pv": [ 70, 110, 400, 70, 30, 0, 0, 55, 10, 20 ],
        "batt": [ 0, 0, 0, 0, 0, 0, 0, 0, 0, 0 ]
    },
    {
        "pv": [ 0, 0, 0, 0, 0, 0, 0, 0, 0, 0 ],
        "batt": [ 0, 0, 150, 30, 50, 0, 0, 100, 40, 150 ]
    },
    { 
        "pv": [ 0, 0, 0, 0, 0, 0, 0, 0, 0, 0 ],
        "batt": [ 0, 0, 0, 0, 0, 0, 0, 0, 0, 0 ]
    }
]