[
    {
        "pv": [
            113,
            112,
            113,
            113,
            113,
            105,
            108,
            104,
            102,
            107
        ],
        "batt": [
            63,
            80,
            65,
            68,
            79,
            81,
            74,
            69,
            70,
            73
        ]
    },
    {
        "pv": [
            119,
            126,
            110,
            119,
            117,
            116,
            124,
            122,
            115,
            121
        ],
        "batt": [
            103,
            89,
            93,
            95,
            98,
            101,
            92,
            95,
            94,
            93
        ]
    },
    {
        "pv": [
            89,
            94,
            96,
            90,
            96,
            90,
            88,
            93,
            91,
            90
        ],
        "batt": [
            111,
            106,
            114,
            121,
            104,
            124,
            116,
            106,
            115,
            114
        ]
    },
    {
        "pv": [
            98,
            102,
            109,
            95,
            103,
            103,
            100,
            100,
            99,
            109
        ],
        "batt": [
            31,
            44,
            45,
            37,
            40,
            42,
            38,
            37,
            42,
            40
        ]
    },
    {
        "pv": [
            84,
            83,
            80,
            67,
            83,
            77,
            88,
            74,
            81,
            71
        ],
        "batt": [
            107,
            105,
            94,
            97,
            100,
            97,
            96,
            98,
            107,
            103
        ]
    },
    {
        "pv": [
            108,
            107,
            106,
            107,
            101,
            106,
            106,
            97,
            102,
            104
        ],
        "batt": [
            89,
            94,
            94,
            101,
            99,
            83,
            98,
            94,
            100,
            85
        ]
    },
    {
        "pv": [
            133,
            127,
            126,
            120,
            138,
            129,
            123,
            127,
            129,
            132
        ],
        "batt": [
            66,
            75,
            63,
            62,
            74,
            66,
            60,
            74,
            77,
            68
        ]
    },
    {
        "pv": [
            95,
            107,
            88,
            107,
            102,
            103,
            99,
            91,
            88,
            94
        ],
        "batt": [
            129,
            131,
            137,
            129,
            132,
            125,
            128,
            133,
            132,
            135
        ]
    },
    {
        "pv": [
            92,
            88,
            78,
            87,
            91,
            96,
            88,
            92,
            84,
            95
        ],
        "batt": [
            48,
            41,
            44,
            44,
            35,
            36,
            44,
            36,
            39,
            51
        ]
    },
    {
        "pv": [
            104,
            102,
            96,
            100,
            97,
            103,
            102,
            96,
            101,
            99
        ],
        "batt": [
            179,
            180,
            170,
            166,
            168,
            161,
            179,
            173,
            171,
            176
        ]
    },
    {
        "pv": [
            168,
            165,
            157,
            162,
            160,
            159,
            151,
            155,
            162,
            161
        ],
        "batt": [
            91,
            79,
            87,
            82,
            88,
            88,
            85,
            88,
            83,
            81
        ]
    },
    {
        "pv": [
            121,
            136,
            129,
            134,
            127,
            129,
            137,
            137,
            129,
            133
        ],
        "batt": [
            120,
            130,
            123,
            127,
            130,
            130,
            129,
            127,
            136,
            126
        ]
    },
    {
        "pv": [
            29,
            21,
            17,
            23,
            27,
            27,
            25,
            22,
            26,
            35
        ],
        "batt": [
            86,
            84,
            90,
            81,
            85,
            81,
            86,
            95,
            97,
            90
        ]
    },
    {
        "pv": [
            72,
            77,
            80,
            71,
            81,
            61,
            69,
            73,
            71,
            59
        ],
        "batt": [
            82,
            85,
            89,
            86,
            86,
            88,
            79,
            88,
            87,
            91
        ]
    },
    {
        "pv": [
            101,
            103,
            113,
            110,
            102,
            106,
            114,
            99,
            103,
            104
        ],
        "batt": [
            84,
            81,
            71,
            83,
            86,
            77,
            81,
            91,
            82,
            77
        ]
    },
    {
        "pv": [
            84,
            83,
            76,
            83,
            81,
            77,
            82,
            75,
            68,
            83
        ],
        "batt": [
            84,
            82,
            77,
            86,
            86,
            89,
            73,
            87,
            73,
            90
        ]
    },
    {
        "pv": [
            120,
            125,
            121,
            125,
            129,
            125,
            125,
            124,
            117,
            124
        ],
        "batt": [
            96,
            91,
            93,
            96,
            92,
            95,
            97,
            98,
            91,
            80
        ]
    },
    {
        "pv": [
            90,
            86,
            93,
            97,
            99,
            92,
            91,
            90,
            92,
            90
        ],
        "batt": [
            101,
            104,
            103,
            102,
            104,
            109,
            95,
            109,
            95,
            103
        ]
    },
    {
        "pv": [
            103,
            105,
            99,
            103,
            99,
            111,
            105,
            109,
            100,
            104
        ],
        "batt": [
            105,
            103,
            104,
            99,
            105,
            105,
            106,
            101,
            100,
            107
        ]
    },
    {
        "pv": [
            95,
            98,
            92,
            89,
            94,
            93,
            90,
            102,
            88,
            96
        ],
        "batt": [
            123,
            116,
            126,
            122,
            117,
            124,
            125,
            121,
            112,
            121
        ]
    },
    {
        "pv": [
            95,
            105,
            98,
            100,
            95,
            104,
            99,
            108,
            99,
            99
        ],
        "batt": [
            91,
            90,
            93,
            82,
            91,
            95,
            91,
            88,
            80,
            81
        ]
    },
    {
        "pv": [
            114,
            110,
            108,
            111,
            101,
            117,
            109,
            106,
            112,
            103
        ],
        "batt": [
            77,
            71,
            77,
            80,
            72,
            82,
            85,
            81,
            80,
            83
        ]
    },
    {
        "pv": [
            123,
            118,
            128,
            117,
            119,
            121,
            121,
            109,
            114,
            112
        ],
        "batt": [
            76,
            81,
            85,
            94,
            90,
            87,
            86,
            78,
            82,
            83
        ]
    },
    {
        "pv": [
            115,
            110,
            114,
            107,
            114,
            109,
            105,
            107,
            115,
            115
        ],
        "batt": [
            40,
            31,
            45,
            40,
            41,
            40,
            42,
            34,
            35,
            47
        ]
    },
    {
        "pv": [
            185,
            175,
            169,
            176,
            174,
            175,
            174,
            172,
            178,
            174
        ],
        "batt": [
            99,
            105,
            105,
            102,
            97,
            105,
            100,
            98,
            107,
            104
        ]
    },
    {
        "pv": [
            63,
            75,
            62,
            53,
            65,
            67,
            70,
            73,
            63,
            58
        ],
        "batt": [
            145,
            143,
            141,
            150,
            133,
            140,
            145,
            130,
            145,
            141
        ]
    },
    {
        "pv": [
            146,
            138,
            159,
            149,
            154,
            148,
            145,
            147,
            157,
            158
        ],
        "batt": [
            121,
            133,
            131,
            127,
            130,
            131,
            127,
            125,
            132,
            122
        ]
    },
    {
        "pv": [
            83,
            83,
            87,
            95,
            90,
            88,
            96,
            87,
            89,
            95
        ],
        "batt": [
            108,
            119,
            114,
            111,
            109,
            114,
            115,
            105,
            112,
            125
        ]
    },
    {
        "pv": [
            167,
            162,
            157,
            169,
            159,
            171,
            159,
            166,
            170,
            173
        ],
        "batt": [
            105,
            98,
            100,
            96,
            104,
            104,
            98,
            98,
            94,
            109
        ]
    },
    {
        "pv": [
            64,
            62,
            75,
            76,
            65,
            64,
            75,
            78,
            69,
            70
        ],
        "batt": [
            105,
            110,
            116,
            107,
            103,
            107,
            105,
            120,
            106,
            117
        ]
    },
    {
        "pv": [
            49,
            50,
            49,
            57,
            54,
            56,
            53,
            46,
            57,
            55
        ],
        "batt": [
            145,
            139,
            152,
            148,
            146,
            142,
            145,
            143,
            135,
            139
        ]
    },
    {
        "pv": [
            110,
            99,
            98,
            98,
            103,
            101,
            103,
            99,
            99,
            91
        ],
        "batt": [
            149,
            141,
            145,
            130,
            145,
            143,
            144,
            138,
            143,
            134
        ]
    },
    {
        "pv": [
            41,
            38,
            30,
            35,
            34,
            33,
            38,
            38,
            34,
            33
        ],
        "batt": [
            108,
            109,
            105,
            109,
            100,
            98,
            100,
            108,
            106,
            102
        ]
    },
    {
        "pv": [
            62,
            64,
            65,
            64,
            68,
            63,
            62,
            70,
            71,
            67
        ],
        "batt": [
            71,
            76,
            76,
            72,
            74,
            86,
            79,
            81,
            76,
            78
        ]
    },
    {
        "pv": [
            44,
            53,
            39,
            39,
            43,
            48,
            50,
            39,
            46,
            41
        ],
        "batt": [
            109,
            106,
            115,
            103,
            111,
            106,
            106,
            105,
            113,
            113
        ]
    },
    {
        "pv": [
            82,
            78,
            89,
            82,
            78,
            81,
            79,
            76,
            78,
            75
        ],
        "batt": [
            75,
            69,
            72,
            80,
            72,
            72,
            81,
            81,
            79,
            74
        ]
    },
    {
        "pv": [
            119,
            118,
            114,
            122,
            118,
            112,
            113,
            121,
            122,
            123
        ],
        "batt": [
            168,
            163,
            162,
            160,
            163,
            175,
            173,
            168,
            163,
            169
        ]
    },
    {
        "pv": [
            109,
            98,
            106,
            98,
            105,
            96,
            109,
            101,
            95,
            106
        ],
        "batt": [
            89,
            96,
            82,
            93,
            95,
            106,
            93,
            85,
            96,
            95
        ]
    },
    {
        "pv": [
            31,
            37,
            44,
            42,
            45,
            49,
            37,
            40,
            43,
            43
        ],
        "batt": [
            132,
            135,
            132,
            141,
            129,
            129,
            140,
            139,
            132,
            132
        ]
    },
    {
        "pv": [
            88,
            91,
            85,
            91,
            92,
            89,
            81,
            85,
            90,
            88
        ],
        "batt": [
            80,
            87,
            92,
            86,
            86,
            84,
            88,
            90,
            82,
            80
        ]
    },
    {
        "pv": [
            114,
            110,
            106,
            112,
            113,
            101,
            107,
            114,
            116,
            114
        ],
        "batt": [
            136,
            131,
            136,
            142,
            137,
            136,
            148,
            145,
            145,
            141
        ]
    },
    {
        "pv": [
            68,
            71,
            48,
            56,
            64,
            63,
            63,
            64,
            62,
            66
        ],
        "batt": [
            96,
            103,
            104,
            94,
            99,
            105,
            92,
            107,
            109,
            96
        ]
    },
    {
        "pv": [
            141,
            138,
            144,
            146,
            131,
            137,
            135,
            133,
            138,
            136
        ],
        "batt": [
            93,
            97,
            105,
            100,
            102,
            97,
            95,
            106,
            104,
            105
        ]
    },
    {
        "pv": [
            77,
            81,
            84,
            76,
            85,
            82,
            71,
            82,
            80,
            81
        ],
        "batt": [
            89,
            92,
            91,
            84,
            88,
            91,
            87,
            81,
            86,
            94
        ]
    },
    {
        "pv": [
            96,
            108,
            98,
            99,
            101,
            99,
            91,
            98,
            102,
            103
        ],
        "batt": [
            96,
            100,
            96,
            96,
            97,
            98,
            87,
            88,
            98,
            87
        ]
    },
    {
        "pv": [
            116,
            120,
            113,
            120,
            118,
            115,
            117,
            116,
            115,
            116
        ],
        "batt": [
            111,
            102,
            99,
            109,
            105,
            95,
            94,
            103,
            104,
            99
        ]
    },
    {
        "pv": [
            123,
            119,
            118,
            122,
            124,
            122,
            116,
            120,
            123,
            119
        ],
        "batt": [
            142,
            146,
            155,
            145,
            138,
            146,
            135,
            146,
            138,
            142
        ]
    },
    {
        "pv": [
            103,
            107,
            111,
            100,
            98,
            96,
            101,
            102,
            113,
            106
        ],
        "batt": [
            124,
            130,
            140,
            123,
            126,
            128,
            130,
            127,
            133,
            136
        ]
    },
    {
        "pv": [
            82,
            77,
            84,
            85,
            76,
            70,
            77,
            71,
            77,
            73
        ],
        "batt": [
            51,
            61,
            63,
            46,
            59,
            61,
            58,
            54,
            55,
            50
        ]
    },
    {
        "pv": [
            89,
            76,
            86,
            102,
            88,
            89,
            89,
            87,
            89,
            87
        ],
        "batt": [
            96,
            84,
            93,
            91,
            75,
            82,
            93,
            77,
            90,
            90
        ]
    },
    {
        "pv": [
            19,
            17,
            29,
            26,
            25,
            11,
            23,
            13,
            19,
            8
        ],
        "batt": [
            158,
            151,
            135,
            147,
            150,
            147,
            151,
            146,
            141,
            138
        ]
    },
    {
        "pv": [
            38,
            39,
            47,
            51,
            52,
            47,
            45,
            58,
            49,
            49
        ],
        "batt": [
            103,
            102,
            106,
            110,
            101,
            109,
            104,
            110,
            111,
            103
        ]
    },
    {
        "pv": [
            75,
            86,
            82,
            76,
            84,
            82,
            84,
            80,
            87,
            86
        ],
        "batt": [
            143,
            142,
            144,
            142,
            152,
            138,
            142,
            145,
            140,
            140
        ]
    },
    {
        "pv": [
            101,
            105,
            110,
            107,
            107,
            98,
            106,
            107,
            111,
            107
        ],
        "batt": [
            113,
            129,
            121,
            118,
            110,
            124,
            122,
            112,
            115,
            121
        ]
    },
    {
        "pv": [
            139,
            152,
            147,
            149,
            151,
            146,
            145,
            152,
            143,
            149
        ],
        "batt": [
            71,
            56,
            55,
            70,
            59,
            66,
            72,
            60,
            53,
            64
        ]
    },
    {
        "pv": [
            103,
            105,
            100,
            92,
            109,
            97,
            97,
            112,
            91,
            102
        ],
        "batt": [
            38,
            37,
            34,
            39,
            31,
            32,
            29,
            36,
            33,
            34
        ]
    },
    {
        "pv": [
            117,
            105,
            102,
            105,
            116,
            111,
            108,
            105,
            115,
            106
        ],
        "batt": [
            46,
            57,
            44,
            57,
            54,
            54,
            45,
            55,
            48,
            45
        ]
    },
    {
        "pv": [
            106,
            101,
            108,
            112,
            99,
            100,
            107,
            92,
            99,
            105
        ],
        "batt": [
            168,
            159,
            161,
            176,
            172,
            160,
            160,
            166,
            169,
            156
        ]
    },
    {
        "pv": [
            83,
            76,
            79,
            72,
            70,
            72,
            71,
            59,
            75,
            73
        ],
        "batt": [
            133,
            124,
            127,
            121,
            119,
            130,
            121,
            133,
            125,
            123
        ]
    },
    {
        "pv": [
            63,
            46,
            54,
            54,
            46,
            50,
            45,
            44,
            45,
            50
        ],
        "batt": [
            65,
            59,
            66,
            55,
            63,
            57,
            56,
            65,
            63,
            70
        ]
    },
    {
        "pv": [
            151,
            150,
            147,
            162,
            156,
            144,
            152,
            161,
            155,
            155
        ],
        "batt": [
            112,
            103,
            108,
            105,
            113,
            103,
            104,
            109,
            106,
            110
        ]
    },
    {
        "pv": [
            117,
            109,
            111,
            116,
            107,
            110,
            107,
            107,
            105,
            115
        ],
        "batt": [
            100,
            105,
            112,
            104,
            107,
            107,
            103,
            102,
            108,
            101
        ]
    },
    {
        "pv": [
            84,
            86,
            86,
            84,
            80,
            87,
            90,
            84,
            76,
            91
        ],
        "batt": [
            139,
            138,
            134,
            135,
            133,
            134,
            136,
            138,
            154,
            131
        ]
    },
    {
        "pv": [
            144,
            151,
            151,
            152,
            149,
            153,
            160,
            149,
            150,
            145
        ],
        "batt": [
            105,
            94,
            102,
            96,
            101,
            102,
            87,
            92,
            100,
            91
        ]
    },
    {
        "pv": [
            97,
            88,
            97,
            89,
            91,
            94,
            95,
            91,
            94,
            94
        ],
        "batt": [
            52,
            60,
            63,
            55,
            53,
            53,
            54,
            48,
            58,
            54
        ]
    },
    {
        "pv": [
            118,
            122,
            117,
            117,
            114,
            108,
            119,
            111,
            114,
            108
        ],
        "batt": [
            109,
            104,
            108,
            106,
            107,
            107,
            105,
            106,
            110,
            109
        ]
    },
    {
        "pv": [
            145,
            141,
            141,
            143,
            137,
            145,
            144,
            137,
            136,
            139
        ],
        "batt": [
            56,
            63,
            63,
            60,
            65,
            66,
            59,
            61,
            62,
            64
        ]
    },
    {
        "pv": [
            37,
            45,
            48,
            48,
            48,
            58,
            45,
            45,
            47,
            46
        ],
        "batt": [
            117,
            122,
            134,
            120,
            115,
            119,
            119,
            123,
            118,
            122
        ]
    },
    {
        "pv": [
            130,
            140,
            136,
            132,
            146,
            139,
            140,
            138,
            138,
            133
        ],
        "batt": [
            100,
            93,
            95,
            96,
            90,
            98,
            89,
            97,
            91,
            96
        ]
    },
    {
        "pv": [
            116,
            121,
            120,
            125,
            115,
            112,
            120,
            118,
            123,
            119
        ],
        "batt": [
            93,
            96,
            92,
            98,
            94,
            103,
            102,
            89,
            95,
            93
        ]
    },
    {
        "pv": [
            113,
            112,
            115,
            114,
            123,
            113,
            108,
            117,
            116,
            121
        ],
        "batt": [
            115,
            105,
            120,
            109,
            116,
            104,
            105,
            108,
            116,
            118
        ]
    },
    {
        "pv": [
            127,
            122,
            125,
            137,
            118,
            127,
            125,
            131,
            130,
            120
        ],
        "batt": [
            104,
            110,
            96,
            103,
            93,
            92,
            96,
            100,
            86,
            102
        ]
    },
    {
        "pv": [
            95,
            102,
            103,
            112,
            94,
            105,
            97,
            96,
            100,
            105
        ],
        "batt": [
            66,
            73,
            81,
            72,
            82,
            80,
            81,
            72,
            81,
            77
        ]
    },
    {
        "pv": [
            64,
            59,
            56,
            57,
            64,
            63,
            60,
            64,
            62,
            64
        ],
        "batt": [
            76,
            87,
            85,
            86,
            89,
            86,
            78,
            87,
            91,
            88
        ]
    },
    {
        "pv": [
            132,
            118,
            123,
            126,
            124,
            129,
            140,
            134,
            130,
            133
        ],
        "batt": [
            67,
            69,
            80,
            74,
            64,
            65,
            83,
            74,
            82,
            67
        ]
    },
    {
        "pv": [
            81,
            81,
            79,
            74,
            78,
            74,
            74,
            74,
            79,
            79
        ],
        "batt": [
            111,
            112,
            112,
            114,
            117,
            111,
            106,
            103,
            109,
            113
        ]
    },
    {
        "pv": [
            145,
            132,
            137,
            141,
            131,
            140,
            145,
            131,
            135,
            132
        ],
        "batt": [
            89,
            91,
            95,
            91,
            92,
            92,
            92,
            91,
            91,
            84
        ]
    },
    {
        "pv": [
            158,
            157,
            160,
            156,
            166,
            156,
            161,
            155,
            165,
            155
        ],
        "batt": [
            133,
            124,
            125,
            132,
            121,
            123,
            125,
            124,
            126,
            122
        ]
    },
    {
        "pv": [
            108,
            94,
            103,
            108,
            101,
            104,
            100,
            111,
            118,
            105
        ],
        "batt": [
            137,
            127,
            121,
            124,
            129,
            120,
            129,
            120,
            122,
            133
        ]
    },
    {
        "pv": [
            94,
            105,
            101,
            99,
            95,
            99,
            99,
            101,
            107,
            103
        ],
        "batt": [
            138,
            141,
            140,
            140,
            137,
            136,
            131,
            127,
            133,
            129
        ]
    },
    {
        "pv": [
            112,
            124,
            121,
            118,
            118,
            111,
            111,
            120,
            112,
            116
        ],
        "batt": [
            70,
            79,
            81,
            77,
            73,
            73,
            78,
            76,
            79,
            70
        ]
    },
    {
        "pv": [
            141,
            135,
            133,
            135,
            136,
            132,
            136,
            136,
            137,
            143
        ],
        "batt": [
            78,
            91,
            83,
            78,
            82,
            78,
            80,
            84,
            88,
            90
        ]
    },
    {
        "pv": [
            115,
            124,
            118,
            129,
            113,
            123,
            116,
            121,
            120,
            129
        ],
        "batt": [
            96,
            90,
            97,
            89,
            96,
            96,
            94,
            87,
            89,
            104
        ]
    },
    {
        "pv": [
            115,
            117,
            124,
            123,
            125,
            119,
            126,
            120,
            124,
            118
        ],
        "batt": [
            59,
            71,
            83,
            72,
            68,
            68,
            79,
            82,
            78,
            73
        ]
    },
    {
        "pv": [
            59,
            64,
            53,
            62,
            49,
            57,
            54,
            50,
            57,
            59
        ],
        "batt": [
            108,
            107,
            119,
            110,
            111,
            106,
            104,
            105,
            104,
            114
        ]
    },
    {
        "pv": [
            136,
            146,
            143,
            143,
            143,
            145,
            137,
            144,
            134,
            145
        ],
        "batt": [
            92,
            102,
            94,
            94,
            95,
            88,
            93,
            104,
            97,
            91
        ]
    },
    {
        "pv": [
            138,
            135,
            143,
            141,
            141,
            139,
            143,
            145,
            136,
            153
        ],
        "batt": [
            35,
            47,
            44,
            37,
            46,
            34,
            46,
            39,
            36,
            46
        ]
    },
    {
        "pv": [
            65,
            64,
            75,
            74,
            62,
            77,
            69,
            77,
            70,
            83
        ],
        "batt": [
            99,
            80,
            86,
            77,
            92,
            97,
            82,
            92,
            84,
            96
        ]
    },
    {
        "pv": [
            97,
            93,
            96,
            90,
            95,
            101,
            86,
            92,
            95,
            95
        ],
        "batt": [
            72,
            62,
            63,
            62,
            75,
            59,
            61,
            61,
            62,
            59
        ]
    },
    {
        "pv": [
            88,
            93,
            81,
            89,
            91,
            80,
            83,
            85,
            76,
            83
        ],
        "batt": [
            118,
            125,
            132,
            127,
            124,
            122,
            134,
            118,
            118,
            120
        ]
    },
    {
        "pv": [
            82,
            90,
            75,
            81,
            87,
            85,
            77,
            77,
            81,
            91
        ],
        "batt": [
            86,
            86,
            91,
            94,
            83,
            81,
            77,
            86,
            91,
            91
        ]
    },
    {
        "pv": [
            108,
            119,
            113,
            113,
            118,
            110,
            106,
            109,
            111,
            107
        ],
        "batt": [
            166,
            155,
            157,
            164,
            157,
            160,
            159,
            158,
            158,
            153
        ]
    },
    {
        "pv": [
            57,
            62,
            63,
            54,
            59,
            60,
            63,
            62,
            67,
            61
        ],
        "batt": [
            113,
            105,
            105,
            115,
            113,
            103,
            105,
            115,
            117,
            109
        ]
    },
    {
        "pv": [
            93,
            100,
            87,
            91,
            103,
            95,
            96,
            86,
            85,
            91
        ],
        "batt": [
            122,
            117,
            106,
            113,
            116,
            105,
            110,
            113,
            113,
            112
        ]
    },
    {
        "pv": [
            99,
            85,
            90,
            94,
            91,
            86,
            101,
            101,
            93,
            87
        ],
        "batt": [
            79,
            83,
            85,
            92,
            91,
            91,
            88,
            85,
            93,
            86
        ]
    },
    {
        "pv": [
            113,
            107,
            109,
            108,
            111,
            104,
            110,
            110,
            111,
            108
        ],
        "batt": [
            66,
            84,
            72,
            77,
            78,
            78,
            71,
            73,
            78,
            81
        ]
    },
    {
        "pv": [
            159,
            147,
            160,
            159,
            149,
            153,
            152,
            160,
            153,
            154
        ],
        "batt": [
            128,
            129,
            125,
            130,
            121,
            125,
            130,
            125,
            130,
            132
        ]
    },
    {
        "pv": [
            155,
            145,
            146,
            147,
            148,
            151,
            154,
            146,
            142,
            145
        ],
        "batt": [
            95,
            85,
            85,
            95,
            98,
            100,
            88,
            92,
            87,
            102
        ]
    },
    {
        "pv": [
            81,
            81,
            73,
            82,
            87,
            83,
            85,
            83,
            89,
            76
        ],
        "batt": [
            99,
            88,
            99,
            96,
            94,
            92,
            95,
            91,
            98,
            94
        ]
    },
    {
        "pv": [
            108,
            104,
            111,
            118,
            113,
            113,
            104,
            116,
            107,
            107
        ],
        "batt": [
            144,
            148,
            146,
            144,
            148,
            137,
            143,
            139,
            143,
            145
        ]
    }
]