[
    {
        "pv": [
            193,
            191,
            196,
            194,
            202,
            191,
            196,
            202,
            189,
            186
        ],
        "batt": [
            179,
            185,
            190,
            176,
            177,
            183,
            182,
            178,
            178,
            180
        ]
    },
    {
        "pv": [
            74,
            76,
            80,
            76,
            78,
            83,
            78,
            75,
            70,
            72
        ],
        "batt": [
            88,
            93,
            97,
            102,
            93,
            91,
            98,
            86,
            100,
            86
        ]
    },
    {
        "pv": [
            85,
            76,
            85,
            85,
            94,
            87,
            84,
            79,
            84,
            86
        ],
        "batt": [
            285,
            276,
            275,
            284,
            275,
            278,
            283,
            276,
            275,
            279
        ]
    },
    {
        "pv": [
            68,
            60,
            64,
            72,
            64,
            60,
            58,
            71,
            61,
            72
        ],
        "batt": [
            0,
            0,
            0,
            0,
            0,
            0,
            0,
            0,
            0,
            0
        ]
    },
    {
        "pv": [
            33,
            43,
            43,
            30,
            29,
            33,
            30,
            32,
            35,
            43
        ],
        "batt": [
            92,
            94,
            81,
            89,
            89,
            87,
            82,
            89,
            90,
            98
        ]
    },
    {
        "pv": [
            96,
            93,
            102,
            95,
            92,
            95,
            98,
            95,
            100,
            90
        ],
        "batt": [
            10,
            17,
            11,
            21,
            9,
            16,
            16,
            13,
            17,
            16
        ]
    },
    {
        "pv": [
            50,
            51,
            43,
            38,
            44,
            48,
            47,
            50,
            37,
            47
        ],
        "batt": [
            32,
            41,
            28,
            34,
            30,
            35,
            27,
            32,
            34,
            32
        ]
    },
    {
        "pv": [
            121,
            111,
            110,
            116,
            115,
            125,
            116,
            123,
            119,
            113
        ],
        "batt": [
            47,
            48,
            45,
            49,
            43,
            48,
            45,
            45,
            45,
            48
        ]
    },
    {
        "pv": [
            85,
            86,
            88,
            79,
            87,
            89,
            96,
            82,
            94,
            78
        ],
        "batt": [
            90,
            89,
            89,
            87,
            82,
            79,
            90,
            85,
            86,
            86
        ]
    },
    {
        "pv": [
            57,
            53,
            42,
            61,
            53,
            49,
            50,
            50,
            55,
            54
        ],
        "batt": [
            202,
            208,
            198,
            213,
            211,
            212,
            201,
            200,
            208,
            206
        ]
    },
    {
        "pv": [
            131,
            122,
            131,
            124,
            129,
            134,
            130,
            127,
            133,
            140
        ],
        "batt": [
            184,
            187,
            190,
            188,
            184,
            183,
            192,
            187,
            186,
            183
        ]
    },
    {
        "pv": [
            78,
            88,
            90,
            94,
            86,
            85,
            87,
            78,
            86,
            81
        ],
        "batt": [
            157,
            169,
            160,
            177,
            164,
            167,
            166,
            166,
            159,
            165
        ]
    },
    {
        "pv": [
            184,
            177,
            181,
            183,
            180,
            188,
            184,
            178,
            173,
            169
        ],
        "batt": [
            81,
            77,
            71,
            64,
            71,
            72,
            78,
            74,
            75,
            67
        ]
    },
    {
        "pv": [
            0,
            10,
            4,
            12,
            6,
            0,
            0,
            3,
            11,
            0
        ],
        "batt": [
            60,
            61,
            62,
            54,
            65,
            57,
            57,
            59,
            63,
            54
        ]
    },
    {
        "pv": [
            237,
            235,
            246,
            230,
            245,
            235,
            239,
            238,
            241,
            240
        ],
        "batt": [
            93,
            86,
            95,
            89,
            99,
            91,
            102,
            96,
            99,
            88
        ]
    },
    {
        "pv": [
            131,
            136,
            140,
            146,
            145,
            145,
            138,
            132,
            138,
            122
        ],
        "batt": [
            70,
            64,
            55,
            68,
            64,
            71,
            75,
            67,
            71,
            68
        ]
    },
    {
        "pv": [
            254,
            249,
            248,
            256,
            255,
            252,
            255,
            242,
            258,
            252
        ],
        "batt": [
            77,
            94,
            88,
            81,
            79,
            88,
            91,
            80,
            85,
            85
        ]
    },
    {
        "pv": [
            0,
            0,
            0,
            0,
            0,
            0,
            0,
            0,
            0,
            0
        ],
        "batt": [
            144,
            141,
            139,
            143,
            151,
            147,
            147,
            147,
            151,
            139
        ]
    },
    {
        "pv": [
            138,
            141,
            146,
            144,
            132,
            141,
            141,
            135,
            132,
            136
        ],
        "batt": [
            142,
            139,
            140,
            135,
            138,
            137,
            143,
            145,
            135,
            130
        ]
    },
    {
        "pv": [
            24,
            30,
            29,
            30,
            29,
            27,
            33,
            26,
            31,
            36
        ],
        "batt": [
            92,
            76,
            76,
            90,
            80,
            78,
            76,
            77,
            84,
            79
        ]
    },
    {
        "pv": [
            83,
            84,
            85,
            85,
            81,
            83,
            76,
            86,
            81,
            89
        ],
        "batt": [
            148,
            136,
            140,
            145,
            142,
            153,
            159,
            144,
            139,
            155
        ]
    },
    {
        "pv": [
            16,
            7,
            18,
            20,
            15,
            21,
            7,
            8,
            14,
            24
        ],
        "batt": [
            83,
            93,
            89,
            91,
            99,
            97,
            90,
            84,
            85,
            90
        ]
    },
    {
        "pv": [
            55,
            50,
            51,
            61,
            55,
            55,
            49,
            57,
            51,
            53
        ],
        "batt": [
            0,
            0,
            0,
            0,
            0,
            0,
            0,
            0,
            0,
            0
        ]
    },
    {
        "pv": [
            119,
            129,
            105,
            115,
            123,
            114,
            126,
            121,
            113,
            115
        ],
        "batt": [
            134,
            141,
            139,
            139,
            133,
            140,
            137,
            133,
            141,
            134
        ]
    },
    {
        "pv": [
            96,
            102,
            91,
            93,
            94,
            94,
            94,
            89,
            95,
            96
        ],
        "batt": [
            13,
            19,
            17,
            24,
            24,
            20,
            25,
            27,
            25,
            21
        ]
    },
    {
        "pv": [
            8,
            13,
            18,
            13,
            12,
            23,
            7,
            10,
            15,
            14
        ],
        "batt": [
            11,
            18,
            31,
            25,
            34,
            32,
            30,
            22,
            13,
            23
        ]
    },
    {
        "pv": [
            10,
            8,
            5,
            3,
            11,
            10,
            16,
            12,
            20,
            9
        ],
        "batt": [
            240,
            234,
            245,
            236,
            234,
            235,
            240,
            247,
            236,
            242
        ]
    },
    {
        "pv": [
            13,
            2,
            1,
            14,
            3,
            3,
            2,
            0,
            0,
            0
        ],
        "batt": [
            211,
            218,
            209,
            211,
            215,
            214,
            220,
            213,
            213,
            209
        ]
    },
    {
        "pv": [
            108,
            111,
            113,
            117,
            108,
            114,
            112,
            111,
            114,
            109
        ],
        "batt": [
            97,
            94,
            100,
            92,
            81,
            101,
            91,
            87,
            95,
            88
        ]
    },
    {
        "pv": [
            165,
            169,
            169,
            178,
            176,
            176,
            169,
            166,
            180,
            167
        ],
        "batt": [
            103,
            109,
            104,
            96,
            101,
            105,
            98,
            104,
            100,
            106
        ]
    },
    {
        "pv": [
            90,
            97,
            92,
            97,
            89,
            96,
            95,
            95,
            88,
            95
        ],
        "batt": [
            231,
            236,
            232,
            245,
            234,
            238,
            237,
            240,
            233,
            231
        ]
    },
    {
        "pv": [
            146,
            154,
            147,
            147,
            150,
            157,
            144,
            146,
            159,
            154
        ],
        "batt": [
            82,
            75,
            83,
            80,
            80,
            82,
            83,
            81,
            83,
            84
        ]
    },
    {
        "pv": [
            42,
            37,
            43,
            40,
            41,
            34,
            36,
            43,
            33,
            39
        ],
        "batt": [
            81,
            97,
            88,
            93,
            81,
            88,
            88,
            90,
            87,
            85
        ]
    },
    {
        "pv": [
            139,
            138,
            137,
            135,
            130,
            136,
            138,
            138,
            126,
            130
        ],
        "batt": [
            62,
            62,
            57,
            64,
            67,
            58,
            64,
            63,
            64,
            64
        ]
    },
    {
        "pv": [
            24,
            5,
            8,
            12,
            10,
            7,
            1,
            12,
            1,
            7
        ],
        "batt": [
            137,
            136,
            138,
            130,
            133,
            130,
            135,
            134,
            137,
            132
        ]
    },
    {
        "pv": [
            34,
            33,
            32,
            36,
            24,
            30,
            33,
            27,
            35,
            26
        ],
        "batt": [
            162,
            172,
            166,
            177,
            168,
            166,
            176,
            164,
            163,
            176
        ]
    },
    {
        "pv": [
            199,
            198,
            204,
            202,
            202,
            190,
            193,
            194,
            184,
            198
        ],
        "batt": [
            189,
            182,
            170,
            176,
            181,
            177,
            181,
            180,
            185,
            173
        ]
    },
    {
        "pv": [
            35,
            31,
            27,
            32,
            30,
            31,
            29,
            28,
            25,
            24
        ],
        "batt": [
            99,
            104,
            106,
            103,
            108,
            110,
            103,
            99,
            117,
            112
        ]
    },
    {
        "pv": [
            94,
            98,
            104,
            104,
            101,
            108,
            110,
            102,
            98,
            111
        ],
        "batt": [
            0,
            0,
            0,
            0,
            0,
            0,
            0,
            0,
            0,
            0
        ]
    },
    {
        "pv": [
            39,
            38,
            33,
            43,
            37,
            38,
            35,
            40,
            41,
            37
        ],
        "batt": [
            128,
            119,
            118,
            116,
            121,
            122,
            121,
            106,
            123,
            127
        ]
    },
    {
        "pv": [
            141,
            142,
            135,
            138,
            137,
            143,
            137,
            136,
            135,
            142
        ],
        "batt": [
            89,
            93,
            100,
            91,
            89,
            94,
            90,
            96,
            90,
            89
        ]
    },
    {
        "pv": [
            157,
            154,
            156,
            159,
            156,
            156,
            151,
            160,
            151,
            154
        ],
        "batt": [
            80,
            66,
            73,
            71,
            74,
            67,
            68,
            71,
            69,
            81
        ]
    },
    {
        "pv": [
            130,
            141,
            130,
            133,
            143,
            142,
            136,
            144,
            136,
            142
        ],
        "batt": [
            0,
            3,
            0,
            2,
            0,
            1,
            0,
            0,
            0,
            0
        ]
    },
    {
        "pv": [
            132,
            134,
            133,
            126,
            117,
            127,
            134,
            127,
            127,
            130
        ],
        "batt": [
            32,
            26,
            34,
            42,
            45,
            28,
            33,
            30,
            29,
            48
        ]
    },
    {
        "pv": [
            0,
            0,
            0,
            0,
            0,
            0,
            0,
            0,
            0,
            0
        ],
        "batt": [
            61,
            64,
            62,
            61,
            58,
            54,
            63,
            56,
            60,
            58
        ]
    },
    {
        "pv": [
            170,
            168,
            177,
            177,
            167,
            173,
            172,
            174,
            165,
            181
        ],
        "batt": [
            72,
            65,
            75,
            67,
            78,
            74,
            68,
            63,
            71,
            74
        ]
    },
    {
        "pv": [
            54,
            46,
            54,
            48,
            53,
            68,
            62,
            49,
            57,
            54
        ],
        "batt": [
            38,
            41,
            33,
            41,
            37,
            41,
            42,
            50,
            46,
            44
        ]
    },
    {
        "pv": [
            180,
            174,
            176,
            178,
            181,
            173,
            179,
            177,
            171,
            179
        ],
        "batt": [
            108,
            107,
            110,
            108,
            105,
            109,
            99,
            101,
            103,
            115
        ]
    },
    {
        "pv": [
            163,
            156,
            163,
            173,
            172,
            175,
            161,
            173,
            160,
            170
        ],
        "batt": [
            161,
            167,
            158,
            158,
            168,
            152,
            160,
            159,
            157,
            162
        ]
    },
    {
        "pv": [
            70,
            65,
            70,
            69,
            67,
            70,
            71,
            70,
            70,
            67
        ],
        "batt": [
            0,
            0,
            0,
            0,
            0,
            0,
            0,
            0,
            0,
            0
        ]
    },
    {
        "pv": [
            210,
            208,
            211,
            205,
            203,
            206,
            212,
            206,
            208,
            204
        ],
        "batt": [
            148,
            150,
            147,
            152,
            153,
            150,
            156,
            157,
            156,
            146
        ]
    },
    {
        "pv": [
            201,
            201,
            210,
            197,
            198,
            201,
            193,
            202,
            201,
            191
        ],
        "batt": [
            0,
            0,
            0,
            10,
            8,
            0,
            0,
            0,
            2,
            0
        ]
    },
    {
        "pv": [
            0,
            0,
            0,
            0,
            0,
            0,
            0,
            0,
            0,
            0
        ],
        "batt": [
            59,
            56,
            58,
            52,
            46,
            53,
            57,
            53,
            54,
            59
        ]
    },
    {
        "pv": [
            155,
            150,
            153,
            144,
            142,
            148,
            147,
            148,
            145,
            152
        ],
        "batt": [
            105,
            104,
            111,
            107,
            104,
            100,
            113,
            108,
            103,
            98
        ]
    },
    {
        "pv": [
            69,
            55,
            54,
            65,
            62,
            65,
            58,
            65,
            59,
            56
        ],
        "batt": [
            44,
            42,
            48,
            50,
            44,
            42,
            58,
            43,
            44,
            49
        ]
    },
    {
        "pv": [
            19,
            21,
            25,
            17,
            18,
            22,
            17,
            19,
            23,
            13
        ],
        "batt": [
            281,
            287,
            279,
            281,
            276,
            274,
            275,
            274,
            275,
            274
        ]
    },
    {
        "pv": [
            259,
            248,
            255,
            264,
            256,
            257,
            250,
            249,
            251,
            258
        ],
        "batt": [
            271,
            272,
            282,
            266,
            278,
            278,
            283,
            265,
            278,
            271
        ]
    },
    {
        "pv": [
            75,
            75,
            78,
            82,
            74,
            80,
            75,
            75,
            71,
            85
        ],
        "batt": [
            74,
            78,
            75,
            69,
            71,
            77,
            65,
            77,
            83,
            73
        ]
    },
    {
        "pv": [
            51,
            64,
            51,
            53,
            65,
            64,
            58,
            55,
            71,
            62
        ],
        "batt": [
            106,
            94,
            97,
            95,
            94,
            103,
            103,
            111,
            104,
            105
        ]
    },
    {
        "pv": [
            33,
            28,
            35,
            40,
            36,
            25,
            32,
            21,
            40,
            36
        ],
        "batt": [
            18,
            0,
            8,
            21,
            14,
            7,
            6,
            6,
            13,
            13
        ]
    },
    {
        "pv": [
            202,
            212,
            208,
            202,
            202,
            203,
            196,
            197,
            203,
            197
        ],
        "batt": [
            81,
            69,
            78,
            63,
            83,
            68,
            75,
            73,
            71,
            73
        ]
    },
    {
        "pv": [
            123,
            116,
            129,
            119,
            134,
            134,
            128,
            125,
            126,
            126
        ],
        "batt": [
            133,
            126,
            123,
            135,
            134,
            125,
            129,
            132,
            129,
            122
        ]
    },
    {
        "pv": [
            90,
            101,
            96,
            99,
            96,
            96,
            99,
            88,
            84,
            96
        ],
        "batt": [
            227,
            224,
            225,
            215,
            222,
            225,
            218,
            225,
            225,
            226
        ]
    },
    {
        "pv": [
            112,
            94,
            106,
            103,
            101,
            99,
            101,
            102,
            112,
            116
        ],
        "batt": [
            63,
            57,
            55,
            54,
            57,
            53,
            59,
            55,
            55,
            68
        ]
    },
    {
        "pv": [
            31,
            23,
            22,
            26,
            28,
            20,
            25,
            27,
            31,
            36
        ],
        "batt": [
            0,
            0,
            0,
            0,
            0,
            0,
            0,
            0,
            0,
            0
        ]
    },
    {
        "pv": [
            0,
            0,
            0,
            0,
            0,
            0,
            0,
            0,
            0,
            0
        ],
        "batt": [
            116,
            126,
            122,
            111,
            115,
            117,
            115,
            116,
            118,
            124
        ]
    },
    {
        "pv": [
            97,
            91,
            98,
            78,
            88,
            83,
            79,
            98,
            95,
            86
        ],
        "batt": [
            199,
            191,
            191,
            195,
            189,
            187,
            187,
            199,
            195,
            196
        ]
    },
    {
        "pv": [
            178,
            175,
            182,
            179,
            182,
            184,
            165,
            178,
            171,
            179
        ],
        "batt": [
            219,
            221,
            210,
            212,
            217,
            208,
            213,
            217,
            217,
            205
        ]
    },
    {
        "pv": [
            0,
            0,
            0,
            0,
            0,
            0,
            0,
            0,
            0,
            0
        ],
        "batt": [
            79,
            82,
            86,
            84,
            93,
            73,
            85,
            91,
            81,
            85
        ]
    },
    {
        "pv": [
            151,
            141,
            148,
            148,
            142,
            141,
            139,
            137,
            144,
            147
        ],
        "batt": [
            214,
            210,
            223,
            218,
            223,
            221,
            221,
            219,
            219,
            219
        ]
    },
    {
        "pv": [
            0,
            0,
            0,
            0,
            0,
            0,
            0,
            0,
            0,
            0
        ],
        "batt": [
            0,
            0,
            1,
            3,
            0,
            8,
            2,
            4,
            4,
            0
        ]
    },
    {
        "pv": [
            46,
            47,
            37,
            44,
            38,
            44,
            41,
            44,
            48,
            42
        ],
        "batt": [
            54,
            57,
            45,
            40,
            54,
            52,
            43,
            52,
            51,
            45
        ]
    },
    {
        "pv": [
            50,
            53,
            52,
            47,
            43,
            58,
            46,
            54,
            55,
            56
        ],
        "batt": [
            0,
            0,
            0,
            0,
            0,
            0,
            0,
            0,
            0,
            0
        ]
    },
    {
        "pv": [
            39,
            34,
            30,
            32,
            31,
            9,
            32,
            29,
            36,
            33
        ],
        "batt": [
            107,
            102,
            103,
            104,
            109,
            106,
            109,
            107,
            96,
            104
        ]
    },
    {
        "pv": [
            99,
            91,
            93,
            108,
            94,
            98,
            95,
            98,
            109,
            105
        ],
        "batt": [
            16,
            21,
            24,
            22,
            27,
            14,
            17,
            25,
            17,
            27
        ]
    },
    {
        "pv": [
            135,
            131,
            137,
            135,
            126,
            123,
            125,
            136,
            123,
            126
        ],
        "batt": [
            134,
            123,
            127,
            131,
            124,
            132,
            124,
            133,
            122,
            126
        ]
    },
    {
        "pv": [
            31,
            30,
            30,
            25,
            28,
            38,
            38,
            33,
            31,
            29
        ],
        "batt": [
            208,
            198,
            206,
            202,
            204,
            207,
            207,
            206,
            204,
            207
        ]
    },
    {
        "pv": [
            122,
            138,
            133,
            126,
            133,
            134,
            143,
            136,
            130,
            147
        ],
        "batt": [
            94,
            100,
            93,
            101,
            97,
            86,
            95,
            98,
            95,
            102
        ]
    },
    {
        "pv": [
            92,
            102,
            98,
            99,
            100,
            97,
            97,
            101,
            98,
            99
        ],
        "batt": [
            66,
            80,
            62,
            64,
            64,
            64,
            67,
            63,
            64,
            66
        ]
    },
    {
        "pv": [
            118,
            118,
            125,
            122,
            121,
            112,
            125,
            114,
            118,
            119
        ],
        "batt": [
            68,
            78,
            75,
            69,
            79,
            68,
            79,
            74,
            76,
            78
        ]
    },
    {
        "pv": [
            85,
            85,
            86,
            81,
            84,
            88,
            81,
            100,
            81,
            86
        ],
        "batt": [
            158,
            155,
            151,
            152,
            149,
            151,
            162,
            156,
            150,
            150
        ]
    },
    {
        "pv": [
            117,
            127,
            124,
            110,
            115,
            119,
            111,
            127,
            118,
            123
        ],
        "batt": [
            62,
            78,
            77,
            77,
            64,
            70,
            75,
            70,
            60,
            76
        ]
    },
    {
        "pv": [
            11,
            13,
            11,
            19,
            13,
            14,
            17,
            17,
            12,
            7
        ],
        "batt": [
            209,
            210,
            212,
            209,
            216,
            201,
            225,
            215,
            215,
            211
        ]
    },
    {
        "pv": [
            50,
            48,
            42,
            57,
            53,
            53,
            47,
            53,
            48,
            52
        ],
        "batt": [
            208,
            199,
            198,
            200,
            198,
            197,
            196,
            208,
            213,
            210
        ]
    },
    {
        "pv": [
            142,
            156,
            151,
            143,
            159,
            143,
            150,
            151,
            154,
            148
        ],
        "batt": [
            107,
            100,
            104,
            98,
            109,
            103,
            101,
            91,
            95,
            96
        ]
    },
    {
        "pv": [
            149,
            147,
            151,
            155,
            159,
            153,
            153,
            155,
            152,
            162
        ],
        "batt": [
            103,
            102,
            99,
            99,
            87,
            111,
            93,
            98,
            93,
            101
        ]
    },
    {
        "pv": [
            86,
            83,
            88,
            79,
            81,
            89,
            86,
            86,
            101,
            82
        ],
        "batt": [
            212,
            210,
            214,
            203,
            203,
            209,
            210,
            203,
            207,
            199
        ]
    },
    {
        "pv": [
            218,
            219,
            212,
            220,
            214,
            222,
            216,
            226,
            225,
            224
        ],
        "batt": [
            191,
            207,
            200,
            200,
            191,
            208,
            215,
            197,
            199,
            198
        ]
    },
    {
        "pv": [
            165,
            165,
            159,
            157,
            164,
            172,
            155,
            168,
            164,
            160
        ],
        "batt": [
            164,
            169,
            165,
            169,
            174,
            172,
            165,
            166,
            169,
            171
        ]
    },
    {
        "pv": [
            130,
            132,
            128,
            139,
            141,
            125,
            126,
            141,
            128,
            133
        ],
        "batt": [
            181,
            173,
            187,
            179,
            189,
            182,
            177,
            175,
            177,
            176
        ]
    },
    {
        "pv": [
            0,
            0,
            0,
            0,
            0,
            0,
            0,
            0,
            0,
            0
        ],
        "batt": [
            123,
            131,
            131,
            124,
            134,
            119,
            129,
            125,
            125,
            129
        ]
    },
    {
        "pv": [
            17,
            18,
            12,
            8,
            19,
            18,
            18,
            19,
            28,
            15
        ],
        "batt": [
            98,
            98,
            108,
            110,
            104,
            113,
            104,
            101,
            103,
            108
        ]
    },
    {
        "pv": [
            302,
            309,
            303,
            294,
            313,
            299,
            303,
            300,
            309,
            302
        ],
        "batt": [
            178,
            176,
            175,
            176,
            185,
            187,
            182,
            175,
            180,
            184
        ]
    },
    {
        "pv": [
            77,
            72,
            78,
            81,
            82,
            70,
            78,
            70,
            79,
            82
        ],
        "batt": [
            7,
            21,
            21,
            24,
            21,
            30,
            25,
            22,
            24,
            19
        ]
    },
    {
        "pv": [
            93,
            100,
            87,
            91,
            86,
            99,
            84,
            92,
            88,
            91
        ],
        "batt": [
            80,
            76,
            85,
            81,
            82,
            77,
            78,
            80,
            78,
            79
        ]
    },
    {
        "pv": [
            5,
            0,
            10,
            6,
            4,
            6,
            0,
            0,
            6,
            9
        ],
        "batt": [
            147,
            151,
            149,
            149,
            140,
            145,
            153,
            140,
            140,
            142
        ]
    },
    {
        "pv": [
            150,
            151,
            152,
            151,
            150,
            146,
            157,
            147,
            146,
            148
        ],
        "batt": [
            0,
            0,
            0,
            0,
            0,
            0,
            0,
            0,
            0,
            0
        ]
    },
    {
        "pv": [
            35,
            25,
            37,
            28,
            35,
            30,
            31,
            19,
            28,
            29
        ],
        "batt": [
            79,
            75,
            81,
            83,
            73,
            69,
            85,
            78,
            76,
            77
        ]
    },
    {
        "pv": [
            62,
            60,
            53,
            69,
            63,
            66,
            69,
            69,
            65,
            67
        ],
        "batt": [
            60,
            74,
            69,
            76,
            66,
            68,
            72,
            70,
            62,
            69
        ]
    },
    {
        "pv": [
            174,
            161,
            169,
            166,
            157,
            159,
            157,
            164,
            159,
            156
        ],
        "batt": [
            178,
            176,
            180,
            173,
            174,
            177,
            171,
            181,
            173,
            182
        ]
    }
]