[
    {
        "number_of_participants": 10,
        "complex_batt_pv_scenario": 2,
        "num_mg_optim_steps": 10000,
        "max_episode_steps": 365
    },
    {
        "number_of_participants": 10,
        "complex_batt_pv_scenario": 2,
        "num_mg_optim_steps": 10000,
        "max_episode_steps": 365
    },
    {
        "number_of_participants": 10,
        "complex_batt_pv_scenario": 3,
        "num_mg_optim_steps": 10000,
        "max_episode_steps": 365
    },
    {
        "number_of_participants": 10,
        "complex_batt_pv_scenario": 2,
        "num_mg_optim_steps": 10000,
        "max_episode_steps": 365
    },
    {
        "number_of_participants": 10,
        "complex_batt_pv_scenario": 3,
        "num_mg_optim_steps": 10000,
        "max_episode_steps": 365
    },
    {
        "number_of_participants": 10,
        "complex_batt_pv_scenario": 3,
        "num_mg_optim_steps": 10000,
        "max_episode_steps": 365
    },
    {
        "number_of_participants": 10,
        "complex_batt_pv_scenario": 2,
        "num_mg_optim_steps": 10000,
        "max_episode_steps": 365
    },
    {
        "number_of_participants": 10,
        "complex_batt_pv_scenario": 3,
        "num_mg_optim_steps": 10000,
        "max_episode_steps": 365
    }
]