[
    {
        "number_of_participants": 10,
        "complex_batt_pv_scenario": 0,
        "num_mg_optim_steps": 10,
        "max_episode_steps": 7
    },
    {
        "number_of_participants": 10,
        "complex_batt_pv_scenario": 1,
        "num_mg_optim_steps": 10,
        "max_episode_steps": 7
    },
    {
        "number_of_participants": 10,
        "complex_batt_pv_scenario": 2,
        "num_mg_optim_steps": 10,
        "max_episode_steps": 7
    },
    {
        "number_of_participants": 10,
        "complex_batt_pv_scenario": 3,
        "num_mg_optim_steps": 10,
        "max_episode_steps": 7
    },
    {
        "number_of_participants": 10,
        "complex_batt_pv_scenario": 4,
        "num_mg_optim_steps": 10,
        "max_episode_steps": 7
    }
]