[
    {
        "pv": [
            198,
            0,
            251,
            142,
            93,
            217,
            202,
            86,
            304,
            148
        ],
        "batt": [
            126,
            156,
            121,
            148,
            83,
            136,
            145,
            144,
            143,
            131
        ]
    },
    {
        "pv": [
            164,
            19,
            89,
            5,
            111,
            263,
            0,
            85,
            17,
            259
        ],
        "batt": [
            59,
            67,
            85,
            74,
            86,
            76,
            95,
            66,
            74,
            91
        ]
    },
    {
        "pv": [
            171,
            101,
            135,
            192,
            332,
            259,
            205,
            64,
            156,
            208
        ],
        "batt": [
            100,
            54,
            57,
            75,
            169,
            88,
            117,
            112,
            50,
            91
        ]
    }
]
